id_persona,primer_nombre,segundo_nombre,tercer_nombre,primer_apellido,segundo_apellido,genero,fecha_nacimiento,id_municipio,id_padre,id_madre
1000000000,Ethan,Pascale,Cyril,Don,Harrismith,M,2000-10-23,308,,
1000000001,Miguel,Valentino,Hazlett,Okill,Brideau,M,1991-12-21,1103,,
1000000002,Cyrus,Ignace,Osbourn,Hakey,Frankel,M,2003-08-09,912,,
1000000003,Drud,Truman,Temple,Goodoune,Sayse,M,1992-09-07,1105,,
1000000004,Hamlen,Heath,Barn,Huguenet,Kmieciak,M,2010-07-07,1609,,
1000000005,Armando,Patrice,Ty,Parchment,Iannitti,M,2000-10-05,1901,,
1000000006,Giraud,Donnie,Scotty,Hamper,Eisenberg,M,2015-12-31,705,,
1000000007,Tristam,Kelvin,Hewet,Frampton,Conkling,M,1998-11-29,1805,,
1000000008,Smitty,Enrique,Tate,Mackelworth,Poolman,M,2006-05-23,1316,,
1000000009,Hastie,Em,Fleming,Lappin,Ockendon,M,2009-11-12,507,,
1000000010,Stanislaw,Stillman,Erhart,Woods,Stoyell,M,2017-02-03,1206,,
1000000011,Gage,Louie,Armin,Leving,Hindsberg,M,2004-01-04,1312,,
1000000012,Nels,Dav,Chadd,Chestle,Holbarrow,M,1997-12-04,1406,,
1000000013,Janos,Curtis,Stuart,Bawles,Pedrazzi,M,1999-01-04,1601,,
1000000014,Mario,Woodie,Wendall,Petri,Ivanonko,M,1992-10-27,1405,,
1000000015,Fritz,Gerri,Jackson,Muffen,Erat,M,2013-05-03,407,,
1000000016,August,Janek,Paquito,Rowlings,Cromleholme,M,2002-11-12,1602,,
1000000017,Ronald,Hobart,Anthony,Middlemass,Dhillon,M,2000-07-28,1203,,
1000000018,Rockwell,Cale,Ruy,Torfin,Whitwam,M,2001-06-05,404,,
1000000019,Chaim,Tam,Elroy,Farbrace,Kleiser,M,2008-06-01,1322,,
1000000020,Elston,Clem,Erich,Maclean,Toothill,M,2005-03-27,904,,
1000000021,Ari,Garvin,Michail,Starcks,Legendre,M,2004-06-22,601,,
1000000022,Whitman,Paxton,Cull,Asson,Deuss,M,1991-11-12,1217,,
1000000023,Bryce,Stefan,Forester,Drissell,Bridson,M,2015-08-16,1906,,
1000000024,Uri,Erin,Rolph,Learmonth,Ames,M,2003-08-22,205,,
1000000025,Adlai,Clemente,Rabbi,Lavalde,Costard,M,2008-09-07,1910,,
1000000026,Buckie,Ed,Al,Peters,Kayes,M,1996-11-22,104,,
1000000027,Welch,Gustave,Julie,Aicheson,Eshmade,M,1994-05-14,316,,
1000000028,Foss,Rabi,Wilmar,Jeckell,Titlow,M,2000-08-12,1707,,
1000000029,Duky,Heindrick,Thornton,Brookwell,Oakenfull,M,1996-04-16,2214,,
1000000030,Dieter,Lazaro,Caz,Ormesher,Joannidi,M,1992-05-23,405,,
1000000031,Waylan,Riccardo,Hershel,Yacobsohn,Duxfield,M,1994-11-18,301,,
1000000032,Palm,Cordell,Beniamino,Murty,Glanvill,M,1994-01-02,1406,,
1000000033,Hart,Jeffy,Brandy,Carrane,Van der Beek,M,2014-05-02,907,,
1000000034,Merwin,Isak,Fran,Blanchflower,Pechan,M,2019-08-31,113,,
1000000035,Lawton,Terrill,Greggory,Ducastel,Blant,M,1992-04-02,808,,
1000000036,Padraic,Abbie,Erich,Banbrigge,Meech,M,1997-02-26,1401,,
1000000037,Reinold,Hilary,Franz,Fealty,Goodband,M,1995-09-17,2202,,
1000000038,Grantley,Alister,Ganny,Ummfrey,Boni,M,2002-03-25,1909,,
1000000039,King,Anselm,Kimble,Little,Eastman,M,1990-04-26,101,,
1000000040,Langston,Padget,Kelby,Kuhlmey,Ickov,M,1998-04-07,704,,
1000000041,Kelley,Muffin,Lazare,Schulze,Cornborough,M,2007-01-10,1911,,
1000000042,Benedict,Ali,Pasquale,Sandland,Yansons,M,2018-05-19,1018,,
1000000043,Ab,Rockwell,Drugi,Mort,Janicek,M,1993-10-21,2216,,
1000000044,Stephen,Man,Milton,Blay,Doerr,M,2020-03-11,507,,
1000000045,Colby,Bink,Homerus,Ryson,Grocutt,M,2017-03-06,1008,,
1000000046,Doug,Ximenes,Micah,McVicker,Hearfield,M,2003-03-13,1215,,
1000000047,Rice,Ruben,Gorden,Doddrell,Cabell,M,2008-07-26,1213,,
1000000048,Haleigh,Herman,Ravi,O' Mullane,Asey,M,1993-04-09,407,,
1000000049,Avery,Kingston,Giraldo,Hardin,Vanezis,M,2012-09-13,101,,
1000000050,Morrie,Gregg,Hamlen,Townby,Kos,M,2004-09-27,1803,,
1000000051,Vern,Norton,Willdon,Stammers,Coppenhall,M,1991-11-05,507,,
1000000052,Demetrius,Westbrooke,Jeffry,Dudbridge,Plunkett,M,2019-12-11,1403,,
1000000053,David,Patton,Dermot,Caddies,Comben,M,2014-06-15,1215,,
1000000054,Tobit,Timothee,Harlen,Brauninger,Logan,M,1992-07-26,1328,,
1000000055,Curtis,Zacharie,Saw,Gate,Sandhill,M,2018-07-09,410,,
1000000056,Worthy,Myer,Carlo,Mazonowicz,McCrillis,M,1997-12-08,402,,
1000000057,Corby,Somerset,Cirilo,Haggerston,Ladyman,M,2006-08-17,1016,,
1000000058,Ulric,Homerus,Kin,Grishakov,Charlton,M,2002-01-20,412,,
1000000059,Artemas,Lief,Hendrick,Pledge,Studd,M,2005-07-22,605,,
1000000060,Graig,Ahmad,Ev,Vokes,Tullot,M,2001-05-07,1401,,
1000000061,Benton,Bendix,Gannie,Gianiello,Doggrell,M,2001-10-25,1014,,
1000000062,Diarmid,Davin,Sherman,Keigher,Thorold,M,2012-03-09,2206,,
1000000063,Tanny,Ringo,Duncan,Bernardoni,Mohan,M,2002-02-05,1208,,
1000000064,Loren,Berton,Jan,Hrishanok,Van Leeuwen,M,2004-05-31,409,,
1000000065,Rance,Court,Chrisy,Reisin,Rideout,M,1993-08-01,2204,,
1000000066,Bradley,Barr,Judon,Primett,Dreinan,M,2010-10-23,1909,,
1000000067,Ron,Dene,Lowe,Tow,Bentjens,M,2004-12-30,305,,
1000000068,Clementius,Kenon,Lindsey,Sollon,Duling,M,2020-04-03,2008,,
1000000069,Gallagher,Jedidiah,Blair,Jerche,Glide,M,2011-03-05,411,,
1000000070,Reynard,Wye,Iorgo,Cliss,Petters,M,1997-05-26,708,,
1000000071,Ax,Giustino,Hobie,Sails,Leader,M,1994-10-04,1219,,
1000000072,Giffy,Thadeus,Shawn,Joslin,Kynston,M,2018-03-06,901,,
1000000073,Skipper,Umberto,Miner,Logan,Edens,M,1999-02-09,404,,
1000000074,Hartwell,Artemas,Culver,Rickard,Tite,M,1999-08-06,916,,
1000000075,Edmon,Meryl,Culley,Rowledge,Belfit,M,2007-07-03,904,,
1000000076,Myrvyn,Dillie,Byrann,Redmille,Fernandez,M,1996-08-23,1318,,
1000000077,Abey,Merle,Duffy,Ratazzi,Gulleford,M,1991-08-20,803,,
1000000078,Marve,Sigvard,Aguie,St. Quentin,Toombs,M,1997-09-11,1504,,
1000000079,Seward,Isiahi,Rog,Bielby,Heaselgrave,M,2006-02-18,1314,,
1000000080,Bartholomew,Bard,Clay,Bagger,Lydster,M,1992-09-04,2009,,
1000000081,Webb,David,Alwin,Dimitresco,Fache,M,1997-12-18,806,,
1000000082,Sherlock,Sylas,Huntington,Keates,Pranger,M,1997-09-18,1409,,
1000000083,Arlan,Sven,Salvatore,Fee,Wood,M,2013-03-09,1226,,
1000000084,Nicol,Patton,Abbot,Maciak,Hulburd,M,2015-06-01,1421,,
1000000085,Roma,Egor,Shanan,Lounds,Epinay,M,2004-10-23,2102,,
1000000086,Mason,Sebastien,Wilden,Benz,Palluschek,M,2009-07-11,609,,
1000000087,Fredrick,Bronnie,Krisha,Treleaven,Kardos,M,2002-03-05,1102,,
1000000088,Harwilll,Selig,Nickolas,Lenard,Gepp,M,2000-01-16,1320,,
1000000089,Joe,Boris,Kerry,Minton,Lygoe,M,2006-08-28,308,,
1000000090,Stewart,Nappy,Yale,MacDermott,Bertenshaw,M,2017-03-31,208,,
1000000091,Em,Aldus,Gaylord,Cliburn,Stokell,M,2005-08-19,1415,,
1000000092,Skyler,Blaine,Brook,Parkinson,Mantione,M,2007-03-17,316,,
1000000093,Barnebas,Benedicto,Tom,Gasnoll,Reina,M,2018-07-23,2208,,
1000000094,Sky,Connie,Ronny,Penhallurick,Watling,M,2016-06-18,1904,,
1000000095,Eben,Gerardo,Chancey,Jerisch,Tammadge,M,1997-09-03,902,,
1000000096,Nico,Chester,Mord,Castlake,MacRitchie,M,2016-08-06,411,,
1000000097,Jerrie,Duane,Lorne,Buckham,Pierson,M,1995-07-11,801,,
1000000098,Ned,Tanney,Derek,Condit,Cotesford,M,2008-02-02,2001,,
1000000099,Lorenzo,Cesaro,Melvin,Hush,Mendus,M,2005-06-19,708,,
1000000100,Tann,Fleming,Aube,Grass,Fucher,M,1999-03-15,1314,,
1000000101,Georg,Tammy,Gabe,Ca,Romanelli,M,2005-07-10,901,,
1000000102,Kylie,Jasen,Lauritz,Corker,Orrobin,M,2011-07-09,608,,
1000000103,Orville,Gunner,Tabbie,Emor,Harburtson,M,1996-09-03,2205,,
1000000104,Ive,Gunter,Siward,McQuirter,Calendar,M,2017-11-02,1409,,
1000000105,Lief,Dunn,Desmond,Larratt,Tidy,M,2008-12-12,913,,
1000000106,Dieter,Timotheus,Hy,Biskup,MacDonnell,M,2006-02-20,2102,,
1000000107,Brose,Dieter,Isidor,Brecken,Wahner,M,1998-01-28,703,,
1000000108,Tailor,Web,Derrick,Blockwell,Gudgen,M,2012-09-05,703,,
1000000109,Bennett,Curran,Sigmund,Bolter,Leys,M,2010-07-13,1407,,
1000000110,Oren,Martainn,Lorin,O'Downe,Glencrash,M,2007-02-19,701,,
1000000111,Judah,Gerardo,Lars,Monan,Wasling,M,2018-03-21,1322,,
1000000112,Wadsworth,Rabi,Stan,MacConchie,Such,M,1993-07-25,1612,,
1000000113,Georges,Jerad,Jim,Fyfield,Darnbrook,M,2016-01-20,405,,
1000000114,Kellby,Pebrook,Brantley,Dilley,Ricciardelli,M,2006-11-07,402,,
1000000115,Temple,Alvis,Arne,Normanville,Laughton,M,1994-02-03,2102,,
1000000116,Matt,Rob,Morris,Massot,Cudde,M,2016-01-12,406,,
1000000117,Clayborn,Clemente,Haroun,Coltherd,Bernardes,M,1997-01-28,301,,
1000000118,Chev,Kendal,Dario,Edgeson,Bolan,M,2010-04-12,309,,
1000000119,Darnall,Derry,Yank,Pridding,Brogan,M,1998-01-11,311,,
1000000120,Terrill,Sky,Chuck,Groucock,Jorge,M,2014-02-16,1404,,
1000000121,Markus,Paxon,Foss,Abbay,Bayford,M,2015-01-03,508,,
1000000122,Rogerio,Addie,Hendrik,Cassey,Langlands,M,2000-04-02,1421,,
1000000123,Rodrick,Remus,Parsifal,Bier,Crane,M,2009-07-20,1109,,
1000000124,Flem,Rafi,Brnaby,Playle,Mandel,M,1995-09-09,801,,
1000000125,Giraldo,Aldwin,Alphard,Ortiga,Dresse,M,2016-08-28,1230,,
1000000126,Chris,Drud,Ruy,Drewery,Aulton,M,1993-03-22,1615,,
1000000127,Hayes,Cesare,Archaimbaud,Josefsohn,Kitchenman,M,2019-12-05,612,,
1000000128,Prince,Moses,Jarvis,O' Finan,Benson,M,2010-09-06,1220,,
1000000129,Conn,Shelby,Ralf,Gladyer,Hauxwell,M,2016-07-04,1321,,
1000000130,Zackariah,Rafe,Lee,Tidmas,Rebanks,M,2016-09-06,2216,,
1000000131,Pip,Nikolaus,Ryon,Passy,Spinelli,M,1997-02-14,1905,,
1000000132,Adam,Lorin,Devland,Lemmens,Deftie,M,2005-09-30,1503,,
1000000133,Jens,Van,Felipe,Kagan,Stack,M,2014-02-18,1227,,
1000000134,Darrell,Pen,Leonerd,Kevis,Lettsom,M,2010-09-26,416,,
1000000135,Moise,Augie,Otto,Guppy,Behnecken,M,2000-03-26,918,,
1000000136,Jephthah,Chrisse,Allistir,Wybrow,Orchart,M,2006-05-31,1903,,
1000000137,Hardy,Claybourne,Parke,Flanigan,Lambdon,M,1995-01-10,614,,
1000000138,Tommie,Yorker,Corty,Toderi,Tortoishell,M,2018-04-30,1201,,
1000000139,Roldan,Hart,Leroy,Attwooll,Jerdan,M,2009-12-28,1019,,
1000000140,Mikol,Boothe,Reinaldos,Burleton,Daniau,M,2013-02-15,202,,
1000000141,Ryan,Temple,Franky,Alliband,Gutowska,M,2007-04-12,905,,
1000000142,Werner,Burl,Gaylor,Kirkbride,Lyes,M,2004-12-28,1322,,
1000000143,Bearnard,Thayne,Geoff,Snoxall,Rummings,M,2005-05-03,2215,,
1000000144,Alonzo,Peter,Broddy,McCaughan,Treagust,M,1994-09-24,922,,
1000000145,Lester,Che,Ulric,Robichon,Milton,M,2020-01-08,1006,,
1000000146,Benedetto,Chrissy,Jayson,Killerby,Honatsch,M,1993-07-06,108,,
1000000147,Alford,Jone,Panchito,Allix,Curnokk,M,2008-11-10,1402,,
1000000148,Stan,Ryun,Pippo,Canellas,Berntsson,M,1994-12-19,1213,,
1000000149,Wilfrid,Bradan,Conrad,Downing,Tran,M,1992-02-08,613,,
1000000150,Ingrim,Gerry,Leupold,Tieraney,Freddi,M,2016-01-15,605,,
1000000151,Fabe,Winnie,Leigh,Meir,Torrijos,M,2010-11-10,511,,
1000000152,D'arcy,Garv,Rustin,Reggio,Huet,M,2001-09-07,1315,,
1000000153,See,Tucky,Thoma,Aaron,Kulas,M,1993-12-30,117,,
1000000154,Rodrigo,Cyrille,Kahlil,Diviney,Braban,M,2015-03-27,109,,
1000000155,Lowe,Ewan,Ludwig,Egerton,Vogele,M,2001-04-16,1409,,
1000000156,Holt,Orbadiah,Towny,Daine,Marples,M,1998-11-11,1003,,
1000000157,Kinnie,Reggie,Odell,Danielian,Kristoffersen,M,2005-10-07,923,,
1000000158,Harwilll,Porter,Yard,Rediers,Wellfare,M,1996-11-10,806,,
1000000159,Mattias,Rickey,Frasier,Behnecken,O' Cloney,M,2005-11-16,1905,,
1000000160,Ivan,Valentino,Barton,Viall,Newman,M,2011-12-07,1606,,
1000000161,Al,Jonas,Pasquale,Realy,Le Surf,M,1997-09-21,1411,,
1000000162,Dwain,Bengt,Toddie,Allan,Herety,M,2009-10-04,1803,,
1000000163,Amory,Teodoor,Nial,Salla,Ruddlesden,M,1991-07-11,1416,,
1000000164,Boy,Tudor,Bartholomeo,Decourcy,Mea,M,2011-06-22,304,,
1000000165,Allen,Kurtis,Arvie,McCreath,Thames,M,2010-08-01,918,,
1000000166,Ezra,Faber,Isacco,Ramel,Eagle,M,2011-03-29,706,,
1000000167,Halsey,Pail,Cull,Harker,Poolton,M,1990-05-02,1609,,
1000000168,Geordie,Konstantine,Sampson,Guille,Knyvett,M,1995-04-23,1304,,
1000000169,Arty,Pooh,Arlen,Madelin,Lorrie,M,1998-07-16,1011,,
1000000170,Ruprecht,Ben,Moses,Iacobo,Gardener,M,1997-03-29,1201,,
1000000171,Ervin,Arvin,Roderigo,Oxenden,Filip,M,1990-09-29,1805,,
1000000172,Archibald,Farlie,Jamill,Naulty,Egerton,M,1998-05-14,1501,,
1000000173,Thatcher,Jimmie,Bowie,Alleyn,Godden,M,1992-08-09,1004,,
1000000174,Bastien,Rey,Fee,Muzzi,Aherne,M,2009-09-29,107,,
1000000175,Baily,Hewitt,Earlie,Wordsworth,Windybank,M,2011-04-14,113,,
1000000176,Morten,Thatcher,Ebeneser,Sabattier,Barham,M,2002-11-18,1421,,
1000000177,Adan,Martino,Gaby,Sultan,Scurrell,M,2009-06-17,1702,,
1000000178,Rodolfo,Edmund,Bondon,Eglin,Raiman,M,2010-03-28,1331,,
1000000179,Felic,Albert,Berky,Seaborne,Wrates,M,2005-02-21,1107,,
1000000180,Dwayne,Wolfy,Douglass,Lambertz,Crumpe,M,2019-06-27,512,,
1000000181,Sergeant,Roman,Hube,Duell,Mullane,M,2019-04-06,1001,,
1000000182,Daren,Alberik,Gustaf,Janny,Chesley,M,2014-10-22,309,,
1000000183,Jameson,Mike,Lock,Impson,Lade,M,2013-07-29,1710,,
1000000184,Christoper,Dino,Napoleon,Cowlard,Listone,M,2009-01-17,1220,,
1000000185,Brantley,Olly,Ernesto,Castree,Szapiro,M,2016-02-16,1617,,
1000000186,Fredrick,Wylie,Sid,Frankel,Sleany,M,1997-06-13,607,,
1000000187,Dalton,Patton,Rollo,Ife,Cullon,M,2008-02-23,309,,
1000000188,Rowan,Rustie,Allistir,Lodewick,Febre,M,2013-09-10,310,,
1000000189,Kendrick,Base,Hogan,Corro,D'Onise,M,2018-09-28,1217,,
1000000190,Justinian,Tuck,Granger,Huson,Maharg,M,2003-10-25,2212,,
1000000191,Bruis,Anders,Hussein,Habbershon,Priscott,M,1998-11-13,807,,
1000000192,Niccolo,Myrwyn,Basilio,Philo,Camilio,M,2018-06-29,714,,
1000000193,Aguste,Dukey,Bruis,Peto,Fancet,M,2011-12-27,115,,
1000000194,Brigham,Joshuah,Calhoun,Cowey,Bracher,M,1992-07-21,2006,,
1000000195,Jude,Currey,Farley,Sketchley,Chalker,M,2003-07-08,601,,
1000000196,Rudolf,Regan,Wallie,Westerman,Kynett,M,2003-08-02,304,,
1000000197,Reube,Merell,Wyndham,Ferrettino,Fahrenbacher,M,2015-03-31,1303,,
1000000198,Agosto,Marc,Heinrick,Beaver,Scowcraft,M,2014-03-06,613,,
1000000199,Steve,Carver,Igor,Hamshar,Lafond,M,1993-02-19,912,,
